0,0,0
0.00130833333333333,0,0
0.00261666666666667,0,0
0.003925,0,0
0.00523333333333333,0,0
0.00654166666666667,0,0
0.00785,0,0
0.00915833333333333,0,0
0.0104666666666667,0,0
0.011775,0,0
0.0130833333333333,0,0
0.0143916666666667,0,0
0.0157,0,0
0.0170083333333333,0,0
0.0183166666666667,0,0
0.019625,0,0
0.0209333333333333,0,0
0.0222416666666667,0,0
0.02355,0,0
0.0248583333333333,0,0
0.0261666666666667,0,0
0.027475,0,0
0.0287833333333333,0,0
0.0300916666666667,0,0
0.0314,0,0
0.0327083333333333,0,0
0.0340166666666667,0,0
0.035325,0,0
0.0366333333333333,0,0
0.0379416666666667,0,0
0.03925,0,0
0.0405583333333333,0,0
0.0418666666666667,0,0
0.043175,0,0
0.0444833333333333,0,0
0.0457916666666667,0,0
0.0471,0,0
0.0484083333333333,0,0
0.0497166666666667,0,0
0.051025,0,0
0.0523333333333333,0,0
0.0536416666666667,0,0
0.05495,0,0
0.0562583333333333,0,0
0.0575666666666667,0,0
0.058875,0,0
0.0601833333333333,0,0
0.0614916666666667,0,0
0.0628,0,0
0.0641083333333333,0,0
0.0654166666666667,0,0
0.066725,0,0
0.0680333333333333,0,0
0.0693416666666667,0,0
0.07065,0,0
0.0719583333333333,0,0
0.0732666666666667,0,0
0.074575,0,0
0.0758833333333333,0,0
0.0771916666666667,0,0
0.0785,0,0
0.0798083333333333,0,0
0.0811166666666667,0,0
0.082425,0,0
0.0837333333333333,0,0
0.0850416666666667,0,0
0.08635,0,0
0.0876583333333333,0,0
0.0889666666666667,0,0
0.090275,0,0
0.0915833333333333,0,0
0.0928916666666667,0,0
0.0942,0,0
0.0955083333333333,0,0
0.0968166666666667,0,0
0.098125,0,0
0.0994333333333333,0,0
0.100741666666667,0,0
0.10205,0,0
0.103358333333333,0,0
0.104666666666667,0,0
0.105975,0,0
0.107283333333333,0,0
0.108591666666667,0,0
0.1099,0,0
0.111208333333333,0,0
0.112516666666667,0,0
0.113825,0,0
0.115133333333333,0,0
0.116441666666667,0,0
0.11775,0,0
0.119058333333333,0,0
0.120366666666667,0,0
0.121675,0,0
0.122983333333333,0,0
0.124291666666667,0,0
0.1256,0,0
0.126908333333333,0,0
0.128216666666667,0,0
0.129525,0,0
0.130833333333333,0,0
0.132141666666667,0,0
0.13345,0,0
0.134758333333333,0,0
0.136066666666667,0,0
0.137375,0,0
0.138683333333333,0,0
0.139991666666667,0,0
0.1413,0,0
0.142608333333333,0,0
0.143916666666667,0,0
0.145225,0,0
0.146533333333333,0,0
0.147841666666667,0,0
0.14915,0,0
0.150458333333333,0,0
0.151766666666667,0,0
0.153075,0,0
0.154383333333333,0,0
0.155691666666667,0,0
0.157,0,0
0.158308333333333,0,0
0.159616666666667,0,0
0.160925,0,0
0.162233333333333,0,0
0.163541666666667,0,0
0.16485,0,0
0.166158333333333,0,0
0.167466666666667,0,0
0.168775,0,0
0.170083333333333,0,0
0.171391666666667,0,0
0.1727,0,0
0.174008333333333,0,0
0.175316666666667,0,0
0.176625,0,0
0.177933333333333,0,0
0.179241666666667,0,0
0.18055,0,0
0.181858333333333,0,0
0.183166666666667,0,0
0.184475,0,0
0.185783333333333,0,0
0.187091666666667,0,0
0.1884,0,0
0.189708333333333,0,0
0.191016666666667,0,0
0.192325,0,0
0.193633333333333,0,0
0.194941666666667,0,0
0.19625,0,0
0.197558333333333,0,0
0.198866666666667,0,0
0.200175,0,0
0.201483333333333,0,0
0.202791666666667,0,0
0.2041,0,0
0.205408333333333,0,0
0.206716666666667,0,0
0.208025,0,0
0.209333333333333,0,0
0.210641666666667,0,0
0.21195,0,0
0.213258333333333,0,0
0.214566666666667,0,0
0.215875,0,0
0.217183333333333,0,0
0.218491666666667,0,0
0.2198,0,0
0.221108333333333,0,0
0.222416666666667,0,0
0.223725,0,0
0.225033333333333,0,0
0.226341666666667,0,0
0.22765,0,0
0.228958333333333,0,0
0.230266666666667,0,0
0.231575,0,0
0.232883333333333,0,0
0.234191666666667,0,0
0.2355,0,0
0.236808333333333,0,0
0.238116666666667,0,0
0.239425,0,0
0.240733333333333,0,0
0.242041666666667,0,0
0.24335,0,0
0.244658333333333,0,0
0.245966666666667,0,0
0.247275,0,0
0.248583333333333,0,0
0.249891666666667,0,0
0.2512,0,0
0.252508333333333,0,0
0.253816666666667,0,0
0.255125,0,0
0.256433333333333,0,0
0.257741666666667,0,0
0.25905,0,0
0.260358333333333,0,0
0.261666666666667,0,0
0.262975,0,0
0.264283333333333,0,0
0.265591666666667,0,0
0.2669,0,0
0.268208333333333,0,0
0.269516666666667,0,0
0.270825,0,0
0.272133333333333,0,0
0.273441666666667,0,0
0.27475,0,0
0.276058333333333,0,0
0.277366666666667,0,0
0.278675,0,0
0.279983333333333,0,0
0.281291666666667,0,0
0.2826,0,0
0.283908333333333,0,0
0.285216666666667,0,0
0.286525,0,0
0.287833333333333,0,0
0.289141666666667,0,0
0.29045,0,0
0.291758333333333,0,0
0.293066666666667,0,0
0.294375,0,0
0.295683333333333,0,0
0.296991666666667,0,0
0.2983,0,0
0.299608333333333,0,0
0.300916666666667,0,0
0.302225,0,0
0.303533333333333,0,0
0.304841666666667,0,0
0.30615,0,0
0.307458333333333,0,0
0.308766666666667,0,0
0.310075,0,0
0.311383333333333,0,0
0.312691666666667,0,0
0.314,0,0
0.315308333333333,0,0
0.316616666666667,0,0
0.317925,0,0
0.319233333333333,0,0
0.320541666666667,0,0
0.32185,0,0
0.323158333333333,0,0
0.324466666666667,0,0
0.325775,0,0
0.327083333333333,0,0
0.328391666666667,0,0
0.3297,0,0
0.331008333333333,0,0
0.332316666666667,0,0
0.333625,0,0
0.334933333333333,0,0
0.336241666666667,0,0
0.33755,0,0
0.338858333333333,0,0
0.340166666666667,0,0
0.341475,0,0
0.342783333333333,0,0
0.344091666666667,0,0
0.3454,0,0
0.346708333333333,0,0
0.348016666666667,0,0
0.349325,0,0
0.350633333333333,0,0
0.351941666666667,0,0
0.35325,0,0
0.354558333333333,0,0
0.355866666666667,0,0
0.357175,0,0
0.358483333333333,0,0
0.359791666666667,0,0
0.3611,0,0
0.362408333333333,0,0
0.363716666666667,0,0
0.365025,0,0
0.366333333333333,0,0
0.367641666666667,0,0
0.36895,0,0
0.370258333333333,0,0
0.371566666666667,0,0
0.372875,0,0
0.374183333333333,0,0
0.375491666666667,0,0
0.3768,0,0
0.378108333333333,0,0
0.379416666666667,0,0
0.380725,0,0
0.382033333333333,0,0
0.383341666666667,0,0
0.38465,0,0
0.385958333333333,0,0
0.387266666666667,0,0
0.388575,0,0
0.389883333333333,0,0
0.391191666666667,0,0
0.3925,0,0
0.393808333333333,0,0
0.395116666666667,0,0
0.396425,0,0
0.397733333333333,0,0
0.399041666666667,0,0
0.40035,0,0
0.401658333333333,0,0
0.402966666666667,0,0
0.404275,0,0
0.405583333333333,0,0
0.406891666666667,0,0
0.4082,0,0
0.409508333333333,0,0
0.410816666666667,0,0
0.412125,0,0
0.413433333333333,0,0
0.414741666666667,0,0
0.41605,0,0
0.417358333333333,0,0
0.418666666666667,0,0
0.419975,0,0
0.421283333333333,0,0
0.422591666666667,0,0
0.4239,0,0
0.425208333333333,0,0
0.426516666666667,0,0
0.427825,0,0
0.429133333333333,0,0
0.430441666666667,0,0
0.43175,0,0
0.433058333333333,0,0
0.434366666666667,0,0
0.435675,0,0
0.436983333333333,0,0
0.438291666666667,0,0
0.4396,0,0
0.440908333333333,0,0
0.442216666666667,0,0
0.443525,0,0
0.444833333333333,0,0
0.446141666666667,0,0
0.44745,0,0
0.448758333333333,0,0
0.450066666666667,0,0
0.451375,0,0
0.452683333333333,0,0
0.453991666666667,0,0
0.4553,0,0
0.456608333333333,0,0
0.457916666666667,0,0
0.459225,0,0
0.460533333333333,0,0
0.461841666666667,0,0
0.46315,0,0
0.464458333333333,0,0
0.465766666666667,0,0
0.467075,0,0
0.468383333333333,0,0
0.469691666666667,0,0
0.471,0,0
0.472308333333333,0,0
0.473616666666667,0,0
0.474925,0,0
0.476233333333333,0,0
0.477541666666667,0,0
0.47885,0,0
0.480158333333333,0,0
0.481466666666667,0,0
0.482775,0,0
0.484083333333333,0,0
0.485391666666667,0,0
0.4867,0,0
0.488008333333333,0,0
0.489316666666667,0,0
0.490625,0,0
0.491933333333333,0,0
0.493241666666667,0,0
0.49455,0,0
0.495858333333333,0,0
0.497166666666667,0,0
0.498475,0,0
0.499783333333333,0,0
0.501091666666667,0,0
0.5024,0,0
0.503708333333333,0,0
0.505016666666667,0,0
0.506325,0,0
0.507633333333333,0,0
0.508941666666667,0,0
0.51025,0,0
0.511558333333333,0,0
0.512866666666667,0,0
0.514175,0,0
0.515483333333333,0,0
0.516791666666667,0,0
0.5181,0,0
0.519408333333333,0,0
0.520716666666667,0,0
0.522025,0,0
0.523333333333333,0,0
0.524641666666667,0,0
0.52595,0,0
0.527258333333333,0,0
0.528566666666667,0,0
0.529875,0,0
0.531183333333333,0,0
0.532491666666667,0,0
0.5338,0,0
0.535108333333333,0,0
0.536416666666667,0,0
0.537725,0,0
0.539033333333333,0,0
0.540341666666667,0,0
0.54165,0,0
0.542958333333333,0,0
0.544266666666667,0,0
0.545575,0,0
0.546883333333333,0,0
0.548191666666667,0,0
0.5495,0,0
0.550808333333333,0,0
0.552116666666667,0,0
0.553425,0,0
0.554733333333333,0,0
0.556041666666667,0,0
0.55735,0,0
0.558658333333333,0,0
0.559966666666667,0,0
0.561275,0,0
0.562583333333333,0,0
0.563891666666667,0,0
0.5652,0,0
0.566508333333333,0,0
0.567816666666667,0,0
0.569125,0,0
0.570433333333333,0,0
0.571741666666667,0,0
0.57305,0,0
0.574358333333333,0,0
0.575666666666667,0,0
0.576975,0,0
0.578283333333333,0,0
0.579591666666667,0,0
0.5809,0,0
0.582208333333333,0,0
0.583516666666667,0,0
0.584825,0,0
0.586133333333333,0,0
0.587441666666667,0,0
0.58875,0,0
0.590058333333333,0,0
0.591366666666667,0,0
0.592675,0,0
0.593983333333333,0,0
0.595291666666667,0,0
0.5966,0,0
0.597908333333333,0,0
0.599216666666667,0,0
0.600525,0,0
0.601833333333333,0,0
0.603141666666667,0,0
0.60445,0,0
0.605758333333333,0,0
0.607066666666667,0,0
0.608375,0,0
0.609683333333333,0,0
0.610991666666667,0,0
0.6123,0,0
0.613608333333333,0,0
0.614916666666667,0,0
0.616225,0,0
0.617533333333333,0,0
0.618841666666667,0,0
0.62015,0,0
0.621458333333333,0,0
0.622766666666667,0,0
0.624075,0,0
0.625383333333333,0,0
0.626691666666667,0,0
0.628,0,0
0.629308333333333,0,0
0.630616666666667,0,0
0.631925,0,0
0.633233333333333,0,0
0.634541666666667,0,0
0.63585,0,0
0.637158333333333,0,0
0.638466666666667,0,0
0.639775,0,0
0.641083333333333,0,0
0.642391666666667,0,0
0.6437,0,0
0.645008333333333,0,0
0.646316666666667,0,0
0.647625,0,0
0.648933333333333,0,0
0.650241666666667,0,0
0.65155,0,0
0.652858333333333,0,0
0.654166666666667,0,0
0.655475,0,0
0.656783333333333,0,0
0.658091666666667,0,0
0.6594,0,0
0.660708333333333,0,0
0.662016666666667,0,0
0.663325,0,0
0.664633333333333,0,0
0.665941666666667,0,0
0.66725,0,0
0.668558333333333,0,0
0.669866666666667,0,0
0.671175,0,0
0.672483333333333,0,0
0.673791666666667,0,0
0.6751,0,0
0.676408333333333,0,0
0.677716666666667,0,0
0.679025,0,0
0.680333333333333,0,0
0.681641666666667,0,0
0.68295,0,0
0.684258333333333,0,0
0.685566666666667,0,0
0.686875,0,0
0.688183333333333,0,0
0.689491666666667,0,0
0.6908,0,0
0.692108333333333,0,0
0.693416666666667,0,0
0.694725,0,0
0.696033333333333,0,0
0.697341666666667,0,0
0.69865,0,0
0.699958333333333,0,0
0.701266666666667,0,0
0.702575,0,0
0.703883333333333,0,0
0.705191666666667,0,0
0.7065,0,0
0.707808333333333,0,0
0.709116666666667,0,0
0.710425,0,0
0.711733333333333,0,0
0.713041666666667,0,0
0.71435,0,0
0.715658333333333,0,0
0.716966666666667,0,0
0.718275,0,0
0.719583333333333,0,0
0.720891666666667,0,0
0.7222,0,0
0.723508333333333,0,0
0.724816666666667,0,0
0.726125,0,0
0.727433333333333,0,0
0.728741666666667,0,0
0.73005,0,0
0.731358333333333,0,0
0.732666666666667,0,0
0.733975,0,0
0.735283333333333,0,0
0.736591666666667,0,0
0.7379,0,0
0.739208333333333,0,0
0.740516666666667,0,0
0.741825,0,0
0.743133333333333,0,0
0.744441666666667,0,0
0.74575,0,0
0.747058333333333,0,0
0.748366666666667,0,0
0.749675,0,0
0.750983333333333,0,0
0.752291666666667,0,0
0.7536,0,0
0.754908333333333,0,0
0.756216666666667,0,0
0.757525,0,0
0.758833333333333,0,0
0.760141666666667,0,0
0.76145,0,0
0.762758333333333,0,0
0.764066666666667,0,0
0.765375,0,0
0.766683333333333,0,0
0.767991666666667,0,0
0.7693,0,0
0.770608333333333,0,0
0.771916666666667,0,0
0.773225,0,0
0.774533333333333,0,0
0.775841666666667,0,0
0.77715,0,0
0.778458333333333,0,0
0.779766666666667,0,0
0.781075,0,0
0.782383333333333,0,0
0.783691666666667,0,0
0.785,0,0
0.786308333333333,0,0
0.787616666666667,0,0
0.788925,0,0
0.790233333333333,0,0
0.791541666666667,0,0
0.79285,0,0
0.794158333333333,0,0
0.795466666666667,0,0
0.796775,0,0
0.798083333333333,0,0
0.799391666666667,0,0
0.8007,0,0
0.802008333333333,0,0
0.803316666666667,0,0
0.804625,0,0
0.805933333333333,0,0
0.807241666666667,0,0
0.80855,0,0
0.809858333333333,0,0
0.811166666666667,0,0
0.812475,0,0
0.813783333333333,0,0
0.815091666666667,0,0
0.8164,0,0
0.817708333333333,0,0
0.819016666666667,0,0
0.820325,0,0
0.821633333333333,0,0
0.822941666666667,0,0
0.82425,0,0
0.825558333333333,0,0
0.826866666666667,0,0
0.828175,0,0
0.829483333333333,0,0
0.830791666666667,0,0
0.8321,0,0
0.833408333333333,0,0
0.834716666666667,0,0
0.836025,0,0
0.837333333333333,0,0
0.838641666666667,0,0
0.83995,0,0
0.841258333333333,0,0
0.842566666666667,0,0
0.843875,0,0
0.845183333333333,0,0
0.846491666666667,0,0
0.8478,0,0
0.849108333333333,0,0
0.850416666666667,0,0
0.851725,0,0
0.853033333333333,0,0
0.854341666666667,0,0
0.85565,0,0
0.856958333333333,0,0
0.858266666666667,0,0
0.859575,0,0
0.860883333333333,0,0
0.862191666666667,0,0
0.8635,0,0
0.864808333333333,0,0
0.866116666666667,0,0
0.867425,0,0
0.868733333333333,0,0
0.870041666666667,0,0
0.87135,0,0
0.872658333333333,0,0
0.873966666666667,0,0
0.875275,0,0
0.876583333333333,0,0
0.877891666666667,0,0
0.8792,0,0
0.880508333333333,0,0
0.881816666666667,0,0
0.883125,0,0
0.884433333333333,0,0
0.885741666666667,0,0
0.88705,0,0
0.888358333333333,0,0
0.889666666666667,0,0
0.890975,0,0
0.892283333333333,0,0
0.893591666666667,0,0
0.8949,0,0
0.896208333333333,0,0
0.897516666666667,0,0
0.898825,0,0
0.900133333333333,0,0
0.901441666666667,0,0
0.90275,0,0
0.904058333333333,0,0
0.905366666666667,0,0
0.906675,0,0
0.907983333333333,0,0
0.909291666666667,0,0
0.9106,0,0
0.911908333333333,0,0
0.913216666666667,0,0
0.914525,0,0
0.915833333333333,0,0
0.917141666666667,0,0
0.91845,0,0
0.919758333333333,0,0
0.921066666666667,0,0
0.922375,0,0
0.923683333333333,0,0
0.924991666666667,0,0
0.9263,0,0
0.927608333333333,0,0
0.928916666666667,0,0
0.930225,0,0
0.931533333333333,0,0
0.932841666666667,0,0
0.93415,0,0
0.935458333333333,0,0
0.936766666666667,0,0
0.938075,0,0
0.939383333333333,0,0
0.940691666666667,0,0
0.942,0,0
0.943308333333333,0,0
0.944616666666667,0,0
0.945925,0,0
0.947233333333333,0,0
0.948541666666667,0,0
0.94985,0,0
0.951158333333333,0,0
0.952466666666667,0,0
0.953775,0,0
0.955083333333333,0,0
0.956391666666667,0,0
0.9577,0,0
0.959008333333333,0,0
0.960316666666667,0,0
0.961625,0,0
0.962933333333333,0,0
0.964241666666667,0,0
0.96555,0,0
0.966858333333333,0,0
0.968166666666667,0,0
0.969475,0,0
0.970783333333333,0,0
0.972091666666667,0,0
0.9734,0,0
0.974708333333333,0,0
0.976016666666667,0,0
0.977325,0,0
0.978633333333333,0,0
0.979941666666667,0,0
0.98125,0,0
0.982558333333333,0,0
0.983866666666667,0,0
0.985175,0,0
0.986483333333333,0,0
0.987791666666667,0,0
0.9891,0,0
0.990408333333333,0,0
0.991716666666667,0,0
0.993025,0,0
0.994333333333333,0,0
0.995641666666667,0,0
0.99695,0,0
0.998258333333333,0,0
0.999566666666667,0,0
1.000875,0,0
1.00218333333333,0,0
1.00349166666667,0,0
1.0048,0,0
1.00610833333333,0,0
1.00741666666667,0,0
1.008725,0,0
1.01003333333333,0,0
1.01134166666667,0,0
1.01265,0,0
1.01395833333333,0,0
1.01526666666667,0,0
1.016575,0,0
1.01788333333333,0,0
1.01919166666667,0,0
1.0205,0,0
1.02180833333333,0,0
1.02311666666667,0,0
1.024425,0,0
1.02573333333333,0,0
1.02704166666667,0,0
1.02835,0,0
1.02965833333333,0,0
1.03096666666667,0,0
1.032275,0,0
1.03358333333333,0,0
1.03489166666667,0,0
1.0362,0,0
1.03750833333333,0,0
1.03881666666667,0,0
1.040125,0,0
1.04143333333333,0,0
1.04274166666667,0,0
1.04405,0,0
1.04535833333333,0,0
1.04666666666667,0,0
1.047975,0,0
1.04928333333333,0,0
1.05059166666667,0,0
1.0519,0,0
1.05320833333333,0,0
1.05451666666667,0,0
1.055825,0,0
1.05713333333333,0,0
1.05844166666667,0,0
1.05975,0,0
1.06105833333333,0,0
1.06236666666667,0,0
1.063675,0,0
1.06498333333333,0,0
1.06629166666667,0,0
1.0676,0,0
1.06890833333333,0,0
1.07021666666667,0,0
1.071525,0,0
1.07283333333333,0,0
1.07414166666667,0,0
1.07545,0,0
1.07675833333333,0,0
1.07806666666667,0,0
1.079375,0,0
1.08068333333333,0,0
1.08199166666667,0,0
1.0833,0,0
1.08460833333333,0,0
1.08591666666667,0,0
1.087225,0,0
1.08853333333333,0,0
1.08984166666667,0,0
1.09115,0,0
1.09245833333333,0,0
1.09376666666667,0,0
1.095075,0,0
1.09638333333333,0,0
1.09769166666667,0,0
1.099,0,0
1.10030833333333,0,0
1.10161666666667,0,0
1.102925,0,0
1.10423333333333,0,0
1.10554166666667,0,0
1.10685,0,0
1.10815833333333,0,0
1.10946666666667,0,0
1.110775,0,0
1.11208333333333,0,0
1.11339166666667,0,0
1.1147,0,0
1.11600833333333,0,0
1.11731666666667,0,0
1.118625,0,0
1.11993333333333,0,0
1.12124166666667,0,0
1.12255,0,0
1.12385833333333,0,0
1.12516666666667,0,0
1.126475,0,0
1.12778333333333,0,0
1.12909166666667,0,0
1.1304,0,0
1.13170833333333,0,0
1.13301666666667,0,0
1.134325,0,0
1.13563333333333,0,0
1.13694166666667,0,0
1.13825,0,0
1.13955833333333,0,0
1.14086666666667,0,0
1.142175,0,0
1.14348333333333,0,0
1.14479166666667,0,0
1.1461,0,0
1.14740833333333,0,0
1.14871666666667,0,0
1.150025,0,0
1.15133333333333,0,0
1.15264166666667,0,0
1.15395,0,0
1.15525833333333,0,0
1.15656666666667,0,0
1.157875,0,0
1.15918333333333,0,0
1.16049166666667,0,0
1.1618,0,0
1.16310833333333,0,0
1.16441666666667,0,0
1.165725,0,0
1.16703333333333,0,0
1.16834166666667,0,0
1.16965,0,0
1.17095833333333,0,0
1.17226666666667,0,0
1.173575,0,0
1.17488333333333,0,0
1.17619166666667,0,0
1.1775,0,0
1.17880833333333,0,0
1.18011666666667,0,0
1.181425,0,0
1.18273333333333,0,0
1.18404166666667,0,0
1.18535,0,0
1.18665833333333,0,0
1.18796666666667,0,0
1.189275,0,0
1.19058333333333,0,0
1.19189166666667,0,0
1.1932,0,0
1.19450833333333,0,0
1.19581666666667,0,0
1.197125,0,0
1.19843333333333,0,0
1.19974166666667,0,0
1.20105,0,0
1.20235833333333,0,0
1.20366666666667,0,0
1.204975,0,0
1.20628333333333,0,0
1.20759166666667,0,0
1.2089,0,0
1.21020833333333,0,0
1.21151666666667,0,0
1.212825,0,0
1.21413333333333,0,0
1.21544166666667,0,0
1.21675,0,0
1.21805833333333,0,0
1.21936666666667,0,0
1.220675,0,0
1.22198333333333,0,0
1.22329166666667,0,0
1.2246,0,0
1.22590833333333,0,0
1.22721666666667,0,0
1.228525,0,0
1.22983333333333,0,0
1.23114166666667,0,0
1.23245,0,0
1.23375833333333,0,0
1.23506666666667,0,0
1.236375,0,0
1.23768333333333,0,0
1.23899166666667,0,0
1.2403,0,0
1.24160833333333,0,0
1.24291666666667,0,0
1.244225,0,0
1.24553333333333,0,0
1.24684166666667,0,0
1.24815,0,0
1.24945833333333,0,0
1.25076666666667,0,0
1.252075,0,0
1.25338333333333,0,0
1.25469166666667,0,0
1.256,0,0
1.25730833333333,0,0
1.25861666666667,0,0
1.259925,0,0
1.26123333333333,0,0
1.26254166666667,0,0
1.26385,0,0
1.26515833333333,0,0
1.26646666666667,0,0
1.267775,0,0
1.26908333333333,0,0
1.27039166666667,0,0
1.2717,0,0
1.27300833333333,0,0
1.27431666666667,0,0
1.275625,0,0
1.27693333333333,0,0
1.27824166666667,0,0
1.27955,0,0
1.28085833333333,0,0
1.28216666666667,0,0
1.283475,0,0
1.28478333333333,0,0
1.28609166666667,0,0
1.2874,0,0
1.28870833333333,0,0
1.29001666666667,0,0
1.291325,0,0
1.29263333333333,0,0
1.29394166666667,0,0
1.29525,0,0
1.29655833333333,0,0
1.29786666666667,0,0
1.299175,0,0
1.30048333333333,0,0
1.30179166666667,0,0
1.3031,0,0
1.30440833333333,0,0
1.30571666666667,0,0
1.307025,0,0
1.30833333333333,0,0
1.30964166666667,0,0
1.31095,0,0
1.31225833333333,0,0
1.31356666666667,0,0
1.314875,0,0
1.31618333333333,0,0
1.31749166666667,0,0
1.3188,0,0
1.32010833333333,0,0
1.32141666666667,0,0
1.322725,0,0
1.32403333333333,0,0
1.32534166666667,0,0
1.32665,0,0
1.32795833333333,0,0
1.32926666666667,0,0
1.330575,0,0
1.33188333333333,0,0
1.33319166666667,0,0
1.3345,0,0
1.33580833333333,0,0
1.33711666666667,0,0
1.338425,0,0
1.33973333333333,0,0
1.34104166666667,0,0
1.34235,0,0
1.34365833333333,0,0
1.34496666666667,0,0
1.346275,0,0
1.34758333333333,0,0
1.34889166666667,0,0
1.3502,0,0
1.35150833333333,0,0
1.35281666666667,0,0
1.354125,0,0
1.35543333333333,0,0
1.35674166666667,0,0
1.35805,0,0
1.35935833333333,0,0
1.36066666666667,0,0
1.361975,0,0
1.36328333333333,0,0
1.36459166666667,0,0
1.3659,0,0
1.36720833333333,0,0
1.36851666666667,0,0
1.369825,0,0
1.37113333333333,0,0
1.37244166666667,0,0
1.37375,0,0
1.37505833333333,0,0
1.37636666666667,0,0
1.377675,0,0
1.37898333333333,0,0
1.38029166666667,0,0
1.3816,0,0
1.38290833333333,0,0
1.38421666666667,0,0
1.385525,0,0
1.38683333333333,0,0
1.38814166666667,0,0
1.38945,0,0
1.39075833333333,0,0
1.39206666666667,0,0
1.393375,0,0
1.39468333333333,0,0
1.39599166666667,0,0
1.3973,0,0
1.39860833333333,0,0
1.39991666666667,0,0
1.401225,0,0
1.40253333333333,0,0
1.40384166666667,0,0
1.40515,0,0
1.40645833333333,0,0
1.40776666666667,0,0
1.409075,0,0
1.41038333333333,0,0
1.41169166666667,0,0
1.413,0,0
1.41430833333333,0,0
1.41561666666667,0,0
1.416925,0,0
1.41823333333333,0,0
1.41954166666667,0,0
1.42085,0,0
1.42215833333333,0,0
1.42346666666667,0,0
1.424775,0,0
1.42608333333333,0,0
1.42739166666667,0,0
1.4287,0,0
1.43000833333333,0,0
1.43131666666667,0,0
1.432625,0,0
1.43393333333333,0,0
1.43524166666667,0,0
1.43655,0,0
1.43785833333333,0,0
1.43916666666667,0,0
1.440475,0,0
1.44178333333333,0,0
1.44309166666667,0,0
1.4444,0,0
1.44570833333333,0,0
1.44701666666667,0,0
1.448325,0,0
1.44963333333333,0,0
1.45094166666667,0,0
1.45225,0,0
1.45355833333333,0,0
1.45486666666667,0,0
1.456175,0,0
1.45748333333333,0,0
1.45879166666667,0,0
1.4601,0,0
1.46140833333333,0,0
1.46271666666667,0,0
1.464025,0,0
1.46533333333333,0,0
1.46664166666667,0,0
1.46795,0,0
1.46925833333333,0,0
1.47056666666667,0,0
1.471875,0,0
1.47318333333333,0,0
1.47449166666667,0,0
1.4758,0,0
1.47710833333333,0,0
1.47841666666667,0,0
1.479725,0,0
1.48103333333333,0,0
1.48234166666667,0,0
1.48365,0,0
1.48495833333333,0,0
1.48626666666667,0,0
1.487575,0,0
1.48888333333333,0,0
1.49019166666667,0,0
1.4915,0,0
1.49280833333333,0,0
1.49411666666667,0,0
1.495425,0,0
1.49673333333333,0,0
1.49804166666667,0,0
1.49935,0,0
1.50065833333333,0,0
1.50196666666667,0,0
1.503275,0,0
1.50458333333333,0,0
1.50589166666667,0,0
1.5072,0,0
1.50850833333333,0,0
1.50981666666667,0,0
1.511125,0,0
1.51243333333333,0,0
1.51374166666667,0,0
1.51505,0,0
1.51635833333333,0,0
1.51766666666667,0,0
1.518975,0,0
1.52028333333333,0,0
1.52159166666667,0,0
1.5229,0,0
1.52420833333333,0,0
1.52551666666667,0,0
1.526825,0,0
1.52813333333333,0,0
1.52944166666667,0,0
1.53075,0,0
1.53205833333333,0,0
1.53336666666667,0,0
1.534675,0,0
1.53598333333333,0,0
1.53729166666667,0,0
1.5386,0,0
1.53990833333333,0,0
1.54121666666667,0,0
1.542525,0,0
1.54383333333333,0,0
1.54514166666667,0,0
1.54645,0,0
1.54775833333333,0,0
1.54906666666667,0,0
1.550375,0,0
1.55168333333333,0,0
1.55299166666667,0,0
1.5543,0,0
1.55560833333333,0,0
1.55691666666667,0,0
1.558225,0,0
1.55953333333333,0,0
1.56084166666667,0,0
1.56215,0,0
1.56345833333333,0,0
1.56476666666667,0,0
1.566075,0,0
1.56738333333333,0,0
1.56869166666667,0,0
1.57,0,0
1.57130833333333,0,0
1.57261666666667,0,0
1.573925,0,0
1.57523333333333,0,0
1.57654166666667,0,0
1.57785,0,0
1.57915833333333,0,0
1.58046666666667,0,0
1.581775,0,0
1.58308333333333,0,0
1.58439166666667,0,0
1.5857,0,0
1.58700833333333,0,0
1.58831666666667,0,0
1.589625,0,0
1.59093333333333,0,0
1.59224166666667,0,0
1.59355,0,0
1.59485833333333,0,0
1.59616666666667,0,0
1.597475,0,0
1.59878333333333,0,0
1.60009166666667,0,0
1.6014,0,0
1.60270833333333,0,0
1.60401666666667,0,0
1.605325,0,0
1.60663333333333,0,0
1.60794166666667,0,0
1.60925,0,0
1.61055833333333,0,0
1.61186666666667,0,0
1.613175,0,0
1.61448333333333,0,0
1.61579166666667,0,0
1.6171,0,0
1.61840833333333,0,0
1.61971666666667,0,0
1.621025,0,0
1.62233333333333,0,0
1.62364166666667,0,0
1.62495,0,0
1.62625833333333,0,0
1.62756666666667,0,0
1.628875,0,0
1.63018333333333,0,0
1.63149166666667,0,0
1.6328,0,0
1.63410833333333,0,0
1.63541666666667,0,0
1.636725,0,0
1.63803333333333,0,0
1.63934166666667,0,0
1.64065,0,0
1.64195833333333,0,0
1.64326666666667,0,0
1.644575,0,0
1.64588333333333,0,0
1.64719166666667,0,0
1.6485,0,0
1.64980833333333,0,0
1.65111666666667,0,0
1.652425,0,0
1.65373333333333,0,0
1.65504166666667,0,0
1.65635,0,0
1.65765833333333,0,0
1.65896666666667,0,0
1.660275,0,0
1.66158333333333,0,0
1.66289166666667,0,0
1.6642,0,0
1.66550833333333,0,0
1.66681666666667,0,0
1.668125,0,0
1.66943333333333,0,0
1.67074166666667,0,0
1.67205,0,0
1.67335833333333,0,0
1.67466666666667,0,0
1.675975,0,0
1.67728333333333,0,0
1.67859166666667,0,0
1.6799,0,0
1.68120833333333,0,0
1.68251666666667,0,0
1.683825,0,0
1.68513333333333,0,0
1.68644166666667,0,0
1.68775,0,0
1.68905833333333,0,0
1.69036666666667,0,0
1.691675,0,0
1.69298333333333,0,0
1.69429166666667,0,0
1.6956,0,0
1.69690833333333,0,0
1.69821666666667,0,0
1.699525,0,0
1.70083333333333,0,0
1.70214166666667,0,0
1.70345,0,0
1.70475833333333,0,0
1.70606666666667,0,0
1.707375,0,0
1.70868333333333,0,0
1.70999166666667,0,0
1.7113,0,0
1.71260833333333,0,0
1.71391666666667,0,0
1.715225,0,0
1.71653333333333,0,0
1.71784166666667,0,0
1.71915,0,0
1.72045833333333,0,0
1.72176666666667,0,0
1.723075,0,0
1.72438333333333,0,0
1.72569166666667,0,0
1.727,0,0
1.72830833333333,0,0
1.72961666666667,0,0
1.730925,0,0
1.73223333333333,0,0
1.73354166666667,0,0
1.73485,0,0
1.73615833333333,0,0
1.73746666666667,0,0
1.738775,0,0
1.74008333333333,0,0
1.74139166666667,0,0
1.7427,0,0
1.74400833333333,0,0
1.74531666666667,0,0
1.746625,0,0
1.74793333333333,0,0
1.74924166666667,0,0
1.75055,0,0
1.75185833333333,0,0
1.75316666666667,0,0
1.754475,0,0
1.75578333333333,0,0
1.75709166666667,0,0
1.7584,0,0
1.75970833333333,0,0
1.76101666666667,0,0
1.762325,0,0
1.76363333333333,0,0
1.76494166666667,0,0
1.76625,0,0
1.76755833333333,0,0
1.76886666666667,0,0
1.770175,0,0
1.77148333333333,0,0
1.77279166666667,0,0
1.7741,0,0
1.77540833333333,0,0
1.77671666666667,0,0
1.778025,0,0
1.77933333333333,0,0
1.78064166666667,0,0
1.78195,0,0
1.78325833333333,0,0
1.78456666666667,0,0
1.785875,0,0
1.78718333333333,0,0
1.78849166666667,0,0
1.7898,0,0
1.79110833333333,0,0
1.79241666666667,0,0
1.793725,0,0
1.79503333333333,0,0
1.79634166666667,0,0
1.79765,0,0
1.79895833333333,0,0
1.80026666666667,0,0
1.801575,0,0
1.80288333333333,0,0
1.80419166666667,0,0
1.8055,0,0
1.80680833333333,0,0
1.80811666666667,0,0
1.809425,0,0
1.81073333333333,0,0
1.81204166666667,0,0
1.81335,0,0
1.81465833333333,0,0
1.81596666666667,0,0
1.817275,0,0
1.81858333333333,0,0
1.81989166666667,0,0
1.8212,0,0
1.82250833333333,0,0
1.82381666666667,0,0
1.825125,0,0
1.82643333333333,0,0
1.82774166666667,0,0
1.82905,0,0
1.83035833333333,0,0
1.83166666666667,0,0
1.832975,0,0
1.83428333333333,0,0
1.83559166666667,0,0
1.8369,0,0
1.83820833333333,0,0
1.83951666666667,0,0
1.840825,0,0
1.84213333333333,0,0
1.84344166666667,0,0
1.84475,0,0
1.84605833333333,0,0
1.84736666666667,0,0
1.848675,0,0
1.84998333333333,0,0
1.85129166666667,0,0
1.8526,0,0
1.85390833333333,0,0
1.85521666666667,0,0
1.856525,0,0
1.85783333333333,0,0
1.85914166666667,0,0
1.86045,0,0
1.86175833333333,0,0
1.86306666666667,0,0
1.864375,0,0
1.86568333333333,0,0
1.86699166666667,0,0
1.8683,0,0
1.86960833333333,0,0
1.87091666666667,0,0
1.872225,0,0
1.87353333333333,0,0
1.87484166666667,0,0
1.87615,0,0
1.87745833333333,0,0
1.87876666666667,0,0
1.880075,0,0
1.88138333333333,0,0
1.88269166666667,0,0
1.884,0,0
1.88530833333333,0,0
1.88661666666667,0,0
1.887925,0,0
1.88923333333333,0,0
1.89054166666667,0,0
1.89185,0,0
1.89315833333333,0,0
1.89446666666667,0,0
1.895775,0,0
1.89708333333333,0,0
1.89839166666667,0,0
1.8997,0,0
1.90100833333333,0,0
1.90231666666667,0,0
1.903625,0,0
1.90493333333333,0,0
1.90624166666667,0,0
1.90755,0,0
1.90885833333333,0,0
1.91016666666667,0,0
1.911475,0,0
1.91278333333333,0,0
1.91409166666667,0,0
1.9154,0,0
1.91670833333333,0,0
1.91801666666667,0,0
1.919325,0,0
1.92063333333333,0,0
1.92194166666667,0,0
1.92325,0,0
1.92455833333333,0,0
1.92586666666667,0,0
1.927175,0,0
1.92848333333333,0,0
1.92979166666667,0,0
1.9311,0,0
1.93240833333333,0,0
1.93371666666667,0,0
1.935025,0,0
1.93633333333333,0,0
1.93764166666667,0,0
1.93895,0,0
1.94025833333333,0,0
1.94156666666667,0,0
1.942875,0,0
1.94418333333333,0,0
1.94549166666667,0,0
1.9468,0,0
1.94810833333333,0,0
1.94941666666667,0,0
1.950725,0,0
1.95203333333333,0,0
1.95334166666667,0,0
1.95465,0,0
1.95595833333333,0,0
1.95726666666667,0,0
1.958575,0,0
1.95988333333333,0,0
1.96119166666667,0,0
1.9625,0,0
1.96380833333333,0,0
1.96511666666667,0,0
1.966425,0,0
1.96773333333333,0,0
1.96904166666667,0,0
1.97035,0,0
1.97165833333333,0,0
1.97296666666667,0,0
1.974275,0,0
1.97558333333333,0,0
1.97689166666667,0,0
1.9782,0,0
1.97950833333333,0,0
1.98081666666667,0,0
1.982125,0,0
1.98343333333333,0,0
1.98474166666667,0,0
1.98605,0,0
1.98735833333333,0,0
1.98866666666667,0,0
1.989975,0,0
1.99128333333333,0,0
1.99259166666667,0,0
1.9939,0,0
1.99520833333333,0,0
1.99651666666667,0,0
1.997825,0,0
1.99913333333333,0,0
2.00044166666667,0,0
2.00175,0,0
2.00305833333333,0,0
2.00436666666667,0,0
2.005675,0,0
2.00698333333333,0,0
2.00829166666667,0,0
2.0096,0,0
2.01090833333333,0,0
2.01221666666667,0,0
2.013525,0,0
2.01483333333333,0,0
2.01614166666667,0,0
2.01745,0,0
2.01875833333333,0,0
2.02006666666667,0,0
2.021375,0,0
2.02268333333333,0,0
2.02399166666667,0,0
2.0253,0,0
2.02660833333333,0,0
2.02791666666667,0,0
2.029225,0,0
2.03053333333333,0,0
2.03184166666667,0,0
2.03315,0,0
2.03445833333333,0,0
2.03576666666667,0,0
2.037075,0,0
2.03838333333333,0,0
2.03969166666667,0,0
2.041,0,0
2.04230833333333,0,0
2.04361666666667,0,0
2.044925,0,0
2.04623333333333,0,0
2.04754166666667,0,0
2.04885,0,0
2.05015833333333,0,0
2.05146666666667,0,0
2.052775,0,0
2.05408333333333,0,0
2.05539166666667,0,0
2.0567,0,0
2.05800833333333,0,0
2.05931666666667,0,0
2.060625,0,0
2.06193333333333,0,0
2.06324166666667,0,0
2.06455,0,0
2.06585833333333,0,0
2.06716666666667,0,0
2.068475,0,0
2.06978333333333,0,0
2.07109166666667,0,0
2.0724,0,0
2.07370833333333,0,0
2.07501666666667,0,0
2.076325,0,0
2.07763333333333,0,0
2.07894166666667,0,0
2.08025,0,0
2.08155833333333,0,0
2.08286666666667,0,0
2.084175,0,0
2.08548333333333,0,0
2.08679166666667,0,0
2.0881,0,0
2.08940833333333,0,0
2.09071666666667,0,0
2.092025,0,0
2.09333333333333,0,0
2.09464166666667,0,0
2.09595,0,0
2.09725833333333,0,0
2.09856666666667,0,0
2.099875,0,0
2.10118333333333,0,0
2.10249166666667,0,0
2.1038,0,0
2.10510833333333,0,0
2.10641666666667,0,0
2.107725,0,0
2.10903333333333,0,0
2.11034166666667,0,0
2.11165,0,0
2.11295833333333,0,0
2.11426666666667,0,0
2.115575,0,0
2.11688333333333,0,0
2.11819166666667,0,0
2.1195,0,0
2.12080833333333,0,0
2.12211666666667,0,0
2.123425,0,0
2.12473333333333,0,0
2.12604166666667,0,0
2.12735,0,0
2.12865833333333,0,0
2.12996666666667,0,0
2.131275,0,0
2.13258333333333,0,0
2.13389166666667,0,0
2.1352,0,0
2.13650833333333,0,0
2.13781666666667,0,0
2.139125,0,0
2.14043333333333,0,0
2.14174166666667,0,0
2.14305,0,0
2.14435833333333,0,0
2.14566666666667,0,0
2.146975,0,0
2.14828333333333,0,0
2.14959166666667,0,0
2.1509,0,0
2.15220833333333,0,0
2.15351666666667,0,0
2.154825,0,0
2.15613333333333,0,0
2.15744166666667,0,0
2.15875,0,0
2.16005833333333,0,0
2.16136666666667,0,0
2.162675,0,0
2.16398333333333,0,0
2.16529166666667,0,0
2.1666,0,0
2.16790833333333,0,0
2.16921666666667,0,0
2.170525,0,0
2.17183333333333,0,0
2.17314166666667,0,0
2.17445,0,0
2.17575833333333,0,0
2.17706666666667,0,0
2.178375,0,0
2.17968333333333,0,0
2.18099166666667,0,0
2.1823,0,0
2.18360833333333,0,0
2.18491666666667,0,0
2.186225,0,0
2.18753333333333,0,0
2.18884166666667,0,0
2.19015,0,0
2.19145833333333,0,0
2.19276666666667,0,0
2.194075,0,0
2.19538333333333,0,0
2.19669166666667,0,0
2.198,0,0
2.19930833333333,0,0
2.20061666666667,0,0
2.201925,0,0
2.20323333333333,0,0
2.20454166666667,0,0
2.20585,0,0
2.20715833333333,0,0
2.20846666666667,0,0
2.209775,0,0
2.21108333333333,0,0
2.21239166666667,0,0
2.2137,0,0
2.21500833333333,0,0
2.21631666666667,0,0
2.217625,0,0
2.21893333333333,0,0
2.22024166666667,0,0
2.22155,0,0
2.22285833333333,0,0
2.22416666666667,0,0
2.225475,0,0
2.22678333333333,0,0
2.22809166666667,0,0
2.2294,0,0
2.23070833333333,0,0
2.23201666666667,0,0
2.233325,0,0
2.23463333333333,0,0
2.23594166666667,0,0
2.23725,0,0
2.23855833333333,0,0
2.23986666666667,0,0
2.241175,0,0
2.24248333333333,0,0
2.24379166666667,0,0
2.2451,0,0
2.24640833333333,0,0
2.24771666666667,0,0
2.249025,0,0
2.25033333333333,0,0
2.25164166666667,0,0
2.25295,0,0
2.25425833333333,0,0
2.25556666666667,0,0
2.256875,0,0
2.25818333333333,0,0
2.25949166666667,0,0
2.2608,0,0
2.26210833333333,0,0
2.26341666666667,0,0
2.264725,0,0
2.26603333333333,0,0
2.26734166666667,0,0
2.26865,0,0
2.26995833333333,0,0
2.27126666666667,0,0
2.272575,0,0
2.27388333333333,0,0
2.27519166666667,0,0
2.2765,0,0
2.27780833333333,0,0
2.27911666666667,0,0
2.280425,0,0
2.28173333333333,0,0
2.28304166666667,0,0
2.28435,0,0
2.28565833333333,0,0
2.28696666666667,0,0
2.288275,0,0
2.28958333333333,0,0
2.29089166666667,0,0
2.2922,0,0
2.29350833333333,0,0
2.29481666666667,0,0
2.296125,0,0
2.29743333333333,0,0
2.29874166666667,0,0
2.30005,0,0
2.30135833333333,0,0
2.30266666666667,0,0
2.303975,0,0
2.30528333333333,0,0
2.30659166666667,0,0
2.3079,0,0
2.30920833333333,0,0
2.31051666666667,0,0
2.311825,0,0
2.31313333333333,0,0
2.31444166666667,0,0
2.31575,0,0
2.31705833333333,0,0
2.31836666666667,0,0
2.319675,0,0
2.32098333333333,0,0
2.32229166666667,0,0
2.3236,0,0
2.32490833333333,0,0
2.32621666666667,0,0
2.327525,0,0
2.32883333333333,0,0
2.33014166666667,0,0
2.33145,0,0
2.33275833333333,0,0
2.33406666666667,0,0
2.335375,0,0
2.33668333333333,0,0
2.33799166666667,0,0
2.3393,0,0
2.34060833333333,0,0
2.34191666666667,0,0
2.343225,0,0
2.34453333333333,0,0
2.34584166666667,0,0
2.34715,0,0
2.34845833333333,0,0
2.34976666666667,0,0
2.351075,0,0
2.35238333333333,0,0
2.35369166666667,0,0
2.355,0,0
2.35630833333333,0,0
2.35761666666667,0,0
2.358925,0,0
2.36023333333333,0,0
2.36154166666667,0,0
2.36285,0,0
2.36415833333333,0,0
2.36546666666667,0,0
2.366775,0,0
2.36808333333333,0,0
2.36939166666667,0,0
2.3707,0,0
2.37200833333333,0,0
2.37331666666667,0,0
2.374625,0,0
2.37593333333333,0,0
2.37724166666667,0,0
2.37855,0,0
2.37985833333333,0,0
2.38116666666667,0,0
2.382475,0,0
2.38378333333333,0,0
2.38509166666667,0,0
2.3864,0,0
2.38770833333333,0,0
2.38901666666667,0,0
2.390325,0,0
2.39163333333333,0,0
2.39294166666667,0,0
2.39425,0,0
2.39555833333333,0,0
2.39686666666667,0,0
2.398175,0,0
2.39948333333333,0,0
2.40079166666667,0,0
2.4021,0,0
2.40340833333333,0,0
2.40471666666667,0,0
2.406025,0,0
2.40733333333333,0,0
2.40864166666667,0,0
2.40995,0,0
2.41125833333333,0,0
2.41256666666667,0,0
2.413875,0,0
2.41518333333333,0,0
2.41649166666667,0,0
2.4178,0,0
2.41910833333333,0,0
2.42041666666667,0,0
2.421725,0,0
2.42303333333333,0,0
2.42434166666667,0,0
2.42565,0,0
2.42695833333333,0,0
2.42826666666667,0,0
2.429575,0,0
2.43088333333333,0,0
2.43219166666667,0,0
2.4335,0,0
2.43480833333333,0,0
2.43611666666667,0,0
2.437425,0,0
2.43873333333333,0,0
2.44004166666667,0,0
2.44135,0,0
2.44265833333333,0,0
2.44396666666667,0,0
2.445275,0,0
2.44658333333333,0,0
2.44789166666667,0,0
2.4492,0,0
2.45050833333333,0,0
2.45181666666667,0,0
2.453125,0,0
2.45443333333333,0,0
2.45574166666667,0,0
2.45705,0,0
2.45835833333333,0,0
2.45966666666667,0,0
2.460975,0,0
2.46228333333333,0,0
2.46359166666667,0,0
2.4649,0,0
2.46620833333333,0,0
2.46751666666667,0,0
2.468825,0,0
2.47013333333333,0,0
2.47144166666667,0,0
2.47275,0,0
2.47405833333333,0,0
2.47536666666667,0,0
2.476675,0,0
2.47798333333333,0,0
2.47929166666667,0,0
2.4806,0,0
2.48190833333333,0,0
2.48321666666667,0,0
2.484525,0,0
2.48583333333333,0,0
2.48714166666667,0,0
2.48845,0,0
2.48975833333333,0,0
2.49106666666667,0,0
2.492375,0,0
2.49368333333333,0,0
2.49499166666667,0,0
2.4963,0,0
2.49760833333333,0,0
2.49891666666667,0,0
2.500225,0,0
2.50153333333333,0,0
2.50284166666667,0,0
2.50415,0,0
2.50545833333333,0,0
2.50676666666667,0,0
2.508075,0,0
2.50938333333333,0,0
2.51069166666667,0,0
2.512,0,0
2.51330833333333,0,0
2.51461666666667,0,0
2.515925,0,0
2.51723333333333,0,0
2.51854166666667,0,0
2.51985,0,0
2.52115833333333,0,0
2.52246666666667,0,0
2.523775,0,0
2.52508333333333,0,0
2.52639166666667,0,0
2.5277,0,0
2.52900833333333,0,0
2.53031666666667,0,0
2.531625,0,0
2.53293333333333,0,0
2.53424166666667,0,0
2.53555,0,0
2.53685833333333,0,0
2.53816666666667,0,0
2.539475,0,0
2.54078333333333,0,0
2.54209166666667,0,0
2.5434,0,0
2.54470833333333,0,0
2.54601666666667,0,0
2.547325,0,0
2.54863333333333,0,0
2.54994166666667,0,0
2.55125,0,0
2.55255833333333,0,0
2.55386666666667,0,0
2.555175,0,0
2.55648333333333,0,0
2.55779166666667,0,0
2.5591,0,0
2.56040833333333,0,0
2.56171666666667,0,0
2.563025,0,0
2.56433333333333,0,0
2.56564166666667,0,0
2.56695,0,0
2.56825833333333,0,0
2.56956666666667,0,0
2.570875,0,0
2.57218333333333,0,0
2.57349166666667,0,0
2.5748,0,0
2.57610833333333,0,0
2.57741666666667,0,0
2.578725,0,0
2.58003333333333,0,0
2.58134166666667,0,0
2.58265,0,0
2.58395833333333,0,0
2.58526666666667,0,0
2.586575,0,0
2.58788333333333,0,0
2.58919166666667,0,0
2.5905,0,0
2.59180833333333,0,0
2.59311666666667,0,0
2.594425,0,0
2.59573333333333,0,0
2.59704166666667,0,0
2.59835,0,0
2.59965833333333,0,0
2.60096666666667,0,0
2.602275,0,0
2.60358333333333,0,0
2.60489166666667,0,0
2.6062,0,0
2.60750833333333,0,0
2.60881666666667,0,0
2.610125,0,0
2.61143333333333,0,0
2.61274166666667,0,0
2.61405,0,0
2.61535833333333,0,0
2.61666666666667,0,0
2.617975,0,0
2.61928333333333,0,0
2.62059166666667,0,0
2.6219,0,0
2.62320833333333,0,0
2.62451666666667,0,0
2.625825,0,0
2.62713333333333,0,0
2.62844166666667,0,0
2.62975,0,0
2.63105833333333,0,0
2.63236666666667,0,0
2.633675,0,0
2.63498333333333,0,0
2.63629166666667,0,0
2.6376,0,0
2.63890833333333,0,0
2.64021666666667,0,0
2.641525,0,0
2.64283333333333,0,0
2.64414166666667,0,0
2.64545,0,0
2.64675833333333,0,0
2.64806666666667,0,0
2.649375,0,0
2.65068333333333,0,0
2.65199166666667,0,0
2.6533,0,0
2.65460833333333,0,0
2.65591666666667,0,0
2.657225,0,0
2.65853333333333,0,0
2.65984166666667,0,0
2.66115,0,0
2.66245833333333,0,0
2.66376666666667,0,0
2.665075,0,0
2.66638333333333,0,0
2.66769166666667,0,0
2.669,0,0
2.67030833333333,0,0
2.67161666666667,0,0
2.672925,0,0
2.67423333333333,0,0
2.67554166666667,0,0
2.67685,0,0
2.67815833333333,0,0
2.67946666666667,0,0
2.680775,0,0
2.68208333333333,0,0
2.68339166666667,0,0
2.6847,0,0
2.68600833333333,0,0
2.68731666666667,0,0
2.688625,0,0
2.68993333333333,0,0
2.69124166666667,0,0
2.69255,0,0
2.69385833333333,0,0
2.69516666666667,0,0
2.696475,0,0
2.69778333333333,0,0
2.69909166666667,0,0
2.7004,0,0
2.70170833333333,0,0
2.70301666666667,0,0
2.704325,0,0
2.70563333333333,0,0
2.70694166666667,0,0
2.70825,0,0
2.70955833333333,0,0
2.71086666666667,0,0
2.712175,0,0
2.71348333333333,0,0
2.71479166666667,0,0
2.7161,0,0
2.71740833333333,0,0
2.71871666666667,0,0
2.720025,0,0
2.72133333333333,0,0
2.72264166666667,0,0
2.72395,0,0
2.72525833333333,0,0
2.72656666666667,0,0
2.727875,0,0
2.72918333333333,0,0
2.73049166666667,0,0
2.7318,0,0
2.73310833333333,0,0
2.73441666666667,0,0
2.735725,0,0
2.73703333333333,0,0
2.73834166666667,0,0
2.73965,0,0
2.74095833333333,0,0
2.74226666666667,0,0
2.743575,0,0
2.74488333333333,0,0
2.74619166666667,0,0
2.7475,0,0
2.74880833333333,0,0
2.75011666666667,0,0
2.751425,0,0
2.75273333333333,0,0
2.75404166666667,0,0
2.75535,0,0
2.75665833333333,0,0
2.75796666666667,0,0
2.759275,0,0
2.76058333333333,0,0
2.76189166666667,0,0
2.7632,0,0
2.76450833333333,0,0
2.76581666666667,0,0
2.767125,0,0
2.76843333333333,0,0
2.76974166666667,0,0
2.77105,0,0
2.77235833333333,0,0
2.77366666666667,0,0
2.774975,0,0
2.77628333333333,0,0
2.77759166666667,0,0
2.7789,0,0
2.78020833333333,0,0
2.78151666666667,0,0
2.782825,0,0
2.78413333333333,0,0
2.78544166666667,0,0
2.78675,0,0
2.78805833333333,0,0
2.78936666666667,0,0
2.790675,0,0
2.79198333333333,0,0
2.79329166666667,0,0
2.7946,0,0
2.79590833333333,0,0
2.79721666666667,0,0
2.798525,0,0
2.79983333333333,0,0
2.80114166666667,0,0
2.80245,0,0
2.80375833333333,0,0
2.80506666666667,0,0
2.806375,0,0
2.80768333333333,0,0
2.80899166666667,0,0
2.8103,0,0
2.81160833333333,0,0
2.81291666666667,0,0
2.814225,0,0
2.81553333333333,0,0
2.81684166666667,0,0
2.81815,0,0
2.81945833333333,0,0
2.82076666666667,0,0
2.822075,0,0
2.82338333333333,0,0
2.82469166666667,0,0
2.826,0,0
2.82730833333333,0,0
2.82861666666667,0,0
2.829925,0,0
2.83123333333333,0,0
2.83254166666667,0,0
2.83385,0,0
2.83515833333333,0,0
2.83646666666667,0,0
2.837775,0,0
2.83908333333333,0,0
2.84039166666667,0,0
2.8417,0,0
2.84300833333333,0,0
2.84431666666667,0,0
2.845625,0,0
2.84693333333333,0,0
2.84824166666667,0,0
2.84955,0,0
2.85085833333333,0,0
2.85216666666667,0,0
2.853475,0,0
2.85478333333333,0,0
2.85609166666667,0,0
2.8574,0,0
2.85870833333333,0,0
2.86001666666667,0,0
2.861325,0,0
2.86263333333333,0,0
2.86394166666667,0,0
2.86525,0,0
2.86655833333333,0,0
2.86786666666667,0,0
2.869175,0,0
2.87048333333333,0,0
2.87179166666667,0,0
2.8731,0,0
2.87440833333333,0,0
2.87571666666667,0,0
2.877025,0,0
2.87833333333333,0,0
2.87964166666667,0,0
2.88095,0,0
2.88225833333333,0,0
2.88356666666667,0,0
2.884875,0,0
2.88618333333333,0,0
2.88749166666667,0,0
2.8888,0,0
2.89010833333333,0,0
2.89141666666667,0,0
2.892725,0,0
2.89403333333333,0,0
2.89534166666667,0,0
2.89665,0,0
2.89795833333333,0,0
2.89926666666667,0,0
2.900575,0,0
2.90188333333333,0,0
2.90319166666667,0,0
2.9045,0,0
2.90580833333333,0,0
2.90711666666667,0,0
2.908425,0,0
2.90973333333333,0,0
2.91104166666667,0,0
2.91235,0,0
2.91365833333333,0,0
2.91496666666667,0,0
2.916275,0,0
2.91758333333333,0,0
2.91889166666667,0,0
2.9202,0,0
2.92150833333333,0,0
2.92281666666667,0,0
2.924125,0,0
2.92543333333333,0,0
2.92674166666667,0,0
2.92805,0,0
2.92935833333333,0,0
2.93066666666667,0,0
2.931975,0,0
2.93328333333333,0,0
2.93459166666667,0,0
2.9359,0,0
2.93720833333333,0,0
2.93851666666667,0,0
2.939825,0,0
2.94113333333333,0,0
2.94244166666667,0,0
2.94375,0,0
2.94505833333333,0,0
2.94636666666667,0,0
2.947675,0,0
2.94898333333333,0,0
2.95029166666667,0,0
2.9516,0,0
2.95290833333333,0,0
2.95421666666667,0,0
2.955525,0,0
2.95683333333333,0,0
2.95814166666667,0,0
2.95945,0,0
2.96075833333333,0,0
2.96206666666667,0,0
2.963375,0,0
2.96468333333333,0,0
2.96599166666667,0,0
2.9673,0,0
2.96860833333333,0,0
2.96991666666667,0,0
2.971225,0,0
2.97253333333333,0,0
2.97384166666667,0,0
2.97515,0,0
2.97645833333333,0,0
2.97776666666667,0,0
2.979075,0,0
2.98038333333333,0,0
2.98169166666667,0,0
2.983,0,0
2.98430833333333,0,0
2.98561666666667,0,0
2.986925,0,0
2.98823333333333,0,0
2.98954166666667,0,0
2.99085,0,0
2.99215833333333,0,0
2.99346666666667,0,0
2.994775,0,0
2.99608333333333,0,0
2.99739166666667,0,0
2.9987,0,0
